<?xml version="1.0" encoding="UTF-8"?>
<!DOCTYPE lista_personas SYSTEM "/home/estudiante/Escritorio/LENGUAJE DE MARCA/Requerimientos.dtd">

<videoclub>
	<factura num="">
		<datoCliente>
			<nombre></nombre>
			<pApellido></pApellido>
			<sApellido></sApellido>
			<DNI></DNI>
			<telefono></telefono>
			<idCliente></idCliente>
		</datoCliente>
		<datoFactura>
			<resguardo>
				<formPago></formPago>
				<impTotal></impTotal>
			</resguardo>
			<alquiler fDevolucion="" tipo="PELICULA">
				<pelicula>
					<titulo></titulo>
					<genero></genero>
					<duracion></duracion>
					<actor num="">
						<nombre></nombre>
						<apellidos></apellidos>
					</actor>
				</pelicula>
			</alquiler>
			<compra tipo="">
				<DVDs>
					<titulo></titulo>
					<fSalida></fSalida>
					<extra></extra>
				</DVDs>
				<cintaVideo formato="" rebobinado=""></cintaVideo>
			</compra>
		</datoFactura>
	</factura>
</videoclub>