<?xml version="1.0" encoding="UTF-8"?>
<!DOCTYPE lista_personas SYSTEM "/home/estudiante/Escritorio/LENGUAJE DE MARCA/ejer2.dtd">
<Lista xmlns:xsi="http://www.w3.org/2001/XMLSchema-instance" xsi:noNamespaceSchemaLocation='ejercicio3.xsd'>
	<Alumno id="1">
		<Nombre>Arturo</Nombre>
		<Apellidos>Pérez Rubio</Apellidos>
	</Alumno>
	<Alumno id="2">
		<Apellidos>Rodríguez García</Apellidos>
		<Nombre>Manuel</Nombre>
	</Alumno>
	<Asignatura codigo="059">Inglés
		<Dia>Miércoles</Dia>
		<Hora>12:00</Hora>
	</Asignatura>
</Lista>