<?xml version="1.0" encoding="UTF-8"?>
<clientes>
	<cliente id="1">
		<nombreCliente>Manuel</nombreCliente>
		<CIF>Y56972331</CIF>
		<direccion>Calle Arroyo</direccion>
		<tefn>654789321</tefn>
		<correoElectronico>manucallearroyo@gmail.com</correoElectronico>
		<pgWeb>www.maanueléectric.com</pgWeb>
		<facebook>Mnu</facebook>
		<twitter>Mnu</twitter>
		<nombreContacto>Manu</nombreContacto>
		<apellidoContacto>Arroyo</apellidoContacto>
		<tefnMoviles>
			<tefnM order="1">642879156</tefnM>
			<tefnM order="2">643874651</tefnM>
		</tefnMoviles>
		<tefnFijo>954789545</tefnFijo>
		<correoElectPreffesional>pref@gmail.com</correoElectPreffesional>
	</cliente>
	<cliente id="2">
		<nombreCliente></nombreCliente>
		<CIF></CIF>
		<direccion></direccion>
		<tefn></tefn>
		<correoElectronico></correoElectronico>
		<pgWeb></pgWeb>
		<facebook></facebook>
		<twitter></twitter>
		<nombreContacto></nombreContacto>
		<apellidoContacto></apellidoContacto>
		<tefnMoviles>
			<tefnM order="1"></tefnM>
			<tefnM order="2"></tefnM>
		</tefnMoviles>
		<tefnFijo></tefnFijo>
		<correoElectPreffesional></correoElectPreffesional>
	</cliente>
</clientes>