<?xml version="1.0" encoding="UTF-8">
<piloto id=”1”>
	<!-- falta atributo de marca -->
	<escuderia marca="Ferrari"></escuderia>
	<nacionalidad> GER </nacionalidad>
	<nombre>Sebastian</nombre>
	<apellidos>Vettel</apellidos>
	<http://>officialvettel.com</http://>
	<!-- no puede haber un atributo en la etiqueta de cierre del elemento -->
</piloto>
<piloto id=”2”>
	<escuderia marca="Mercedes"></escuderia>
	<!-- la nacionalidad está dentro de la etiqueta de cierre del elemento -->
	<nacionalidad>ENG</nacionalidad>
	<nombre>Lewis</nombre>
	<apellidos>Hamilton</apellidos>
	<http://>hamilton.org</http://>
	<!-- no puede haber un atributo en la etiqueta de cierre del elemento -->
</piloto>
