<?xml version="1.0" encoding="UTF-8"?>
<BDIncidencias xmlns:xsi="http://www.w3.org/2001/XMLSchema-instance"
xsi:noNamespaceSchemaLocation="YiChen.xsd">
	<contingencia>
		<usuario>Andrés Alvarez</usuario>
		<telefono>955 55 66 55</telefono>
		<mail>aalvarez@qwerty.com</mail>
		<fecha>1/07/2019</fecha>
		<hora>23:55</hora>
		<descripcion>Error al acceder a la plataforma web</descripcion>
	</contingencia>
	<contingencia>
		<usuario>María Muñoz</usuario>
		<telefono>618 74 18 88</telefono>
		<mail>ammuñoz@qwerty.com</mail>
		<fecha>5/07/2019</fecha>
		<hora>02:25</hora>
		<descripcion>Solicitud de acceso al nuevo módulo de facturación</descripcion>
	</contingencia>
	<contingencia>
		<usuario>Manuel Sánchez</usuario>
		<telefono>645 64 74 47</telefono>
		<mail>msanchez@qwerty.com</mail>
		<fecha>7/07/2019</fecha>
		<hora>11:43</hora>
		<descripcion>Error al crear nueva factura</descripcion>
	</contingencia>
</BDIncidencias>
