<?xml version="1.0" encoding="UTF-8"?>
<ResultadoLiga>
	<part1>	
		<EquipoLocal>Real Madrid</EquipoLocal>
		<EquipoVisitate>Barcelona</EquipoVisitate>
		<GolLocal>3</GolLocal>
		<GolVisitante>0</GolVisitante>
	</part1>
	<part2>
		<EquipoLocal>Sevilla</EquipoLocal>
		<EquipoVisitante>Betis</EquipoVisitante>
		<GolLocal>1</GolLocal>
		<Golvisitante>1</Golvisitante>
	</part2>
	<part3>
		<Equipolocal>Granada</Equipolocal>
		<EquipoVisitante>Real Sociedad</EquipoVisitante>
		<GolLocal>0</GolLocal>
		<GolVisitante>2</GolVisitante>
	</part3>
</ResultadoLiga>