<?xml version="1.0" encoding="UTF-8"?>
<libros>
	<libro1 category="cooking">
		<title year="2005">Everyday Italian</title>
		<author lang="en">Giada De Laurentiis</author>
		<price>30.00</price>
	</libro1>
	<libro2 category="children">
		<title year="2005">Harry Potter</title>
		<author lang="en">J.K.Rowling</author>
		<price>39.99</price>
	</libro2>
	<libro3 category="web">
		<title year="2003">XQuery Kick Start</title>
		<author lang="en">James McGovern Per Bothner Kurt Cagle James Linn Vaidyanathan Nagarajan</author>
		<price>49.99</price>
	</libro3>
	<libro4 category="web"> 
		<title year="2003">Learning XML</title>
		<author lang="en">Erik T. Ray</author>
		<price>39.95</price>
	</libro4>
</libros>